{
	"start":	{
		"connected":	[{
				"socket":	5,
				"local_host":	"10.0.1.244",
				"local_port":	40602,
				"remote_host":	"10.0.1.202",
				"remote_port":	5201
			}],
		"version":	"iperf 3.19.1",
		"system_info":	"Linux ip-10-0-1-244.ec2.internal 6.1.159-182.297.amzn2023.x86_64 #1 SMP PREEMPT_DYNAMIC Mon Jan 12 11:34:58 UTC 2026 x86_64",
		"timestamp":	{
			"time":	"Tue, 03 Feb 2026 19:51:51 GMT",
			"timesecs":	1770148311
		},
		"connecting_to":	{
			"host":	"10.0.1.202",
			"port":	5201
		},
		"cookie":	"4igdvljntxzqfyf6rg5q33b5degnvwfdhqli",
		"tcp_mss_default":	8949,
		"target_bitrate":	0,
		"fq_rate":	0,
		"sock_bufsize":	0,
		"sndbuf_actual":	20480,
		"rcvbuf_actual":	131072,
		"test_start":	{
			"protocol":	"TCP",
			"num_streams":	1,
			"blksize":	131072,
			"omit":	0,
			"duration":	10,
			"bytes":	0,
			"blocks":	0,
			"reverse":	0,
			"tos":	0,
			"target_bitrate":	0,
			"bidir":	0,
			"fqrate":	0,
			"interval":	1
		}
	},
	"intervals":	[{
			"streams":	[{
					"socket":	5,
					"start":	0,
					"end":	1.001036,
					"seconds":	1.0010360479354858,
					"bytes":	624951296,
					"bits_per_second":	4994435893.004137,
					"retransmits":	0,
					"snd_cwnd":	1073880,
					"snd_wnd":	2870528,
					"rtt":	1451,
					"rttvar":	20,
					"pmtu":	9001,
					"reorder":	0,
					"omitted":	false,
					"sender":	true
				}],
			"sum":	{
				"start":	0,
				"end":	1.001036,
				"seconds":	1.0010360479354858,
				"bytes":	624951296,
				"bits_per_second":	4994435893.004137,
				"retransmits":	0,
				"omitted":	false,
				"sender":	true
			}
		}, {
			"streams":	[{
					"socket":	5,
					"start":	1.001036,
					"end":	2.001026,
					"seconds":	0.99998998641967773,
					"bytes":	620232704,
					"bits_per_second":	4961911318.49754,
					"retransmits":	0,
					"snd_cwnd":	1073880,
					"snd_wnd":	2870528,
					"rtt":	1469,
					"rttvar":	18,
					"pmtu":	9001,
					"reorder":	0,
					"omitted":	false,
					"sender":	true
				}],
			"sum":	{
				"start":	1.001036,
				"end":	2.001026,
				"seconds":	0.99998998641967773,
				"bytes":	620232704,
				"bits_per_second":	4961911318.49754,
				"retransmits":	0,
				"omitted":	false,
				"sender":	true
			}
		}, {
			"streams":	[{
					"socket":	5,
					"start":	2.001026,
					"end":	3.001027,
					"seconds":	1.0000009536743164,
					"bytes":	620888064,
					"bits_per_second":	4967099775.0045176,
					"retransmits":	0,
					"snd_cwnd":	1073880,
					"snd_wnd":	2860288,
					"rtt":	1479,
					"rttvar":	25,
					"pmtu":	9001,
					"reorder":	0,
					"omitted":	false,
					"sender":	true
				}],
			"sum":	{
				"start":	2.001026,
				"end":	3.001027,
				"seconds":	1.0000009536743164,
				"bytes":	620888064,
				"bits_per_second":	4967099775.0045176,
				"retransmits":	0,
				"omitted":	false,
				"sender":	true
			}
		}, {
			"streams":	[{
					"socket":	5,
					"start":	3.001027,
					"end":	4.001027,
					"seconds":	1,
					"bytes":	619970560,
					"bits_per_second":	4959764480,
					"retransmits":	0,
					"snd_cwnd":	1073880,
					"snd_wnd":	2860288,
					"rtt":	1464,
					"rttvar":	24,
					"pmtu":	9001,
					"reorder":	0,
					"omitted":	false,
					"sender":	true
				}],
			"sum":	{
				"start":	3.001027,
				"end":	4.001027,
				"seconds":	1,
				"bytes":	619970560,
				"bits_per_second":	4959764480,
				"retransmits":	0,
				"omitted":	false,
				"sender":	true
			}
		}, {
			"streams":	[{
					"socket":	5,
					"start":	4.001027,
					"end":	5.00102,
					"seconds":	0.99999302625656128,
					"bytes":	621150208,
					"bits_per_second":	4969236318.17917,
					"retransmits":	0,
					"snd_cwnd":	1073880,
					"snd_wnd":	2865408,
					"rtt":	1480,
					"rttvar":	25,
					"pmtu":	9001,
					"reorder":	0,
					"omitted":	false,
					"sender":	true
				}],
			"sum":	{
				"start":	4.001027,
				"end":	5.00102,
				"seconds":	0.99999302625656128,
				"bytes":	621150208,
				"bits_per_second":	4969236318.17917,
				"retransmits":	0,
				"omitted":	false,
				"sender":	true
			}
		}, {
			"streams":	[{
					"socket":	5,
					"start":	5.00102,
					"end":	6.001021,
					"seconds":	1.0000009536743164,
					"bytes":	620756992,
					"bits_per_second":	4966051200.0045166,
					"retransmits":	0,
					"snd_cwnd":	1073880,
					"snd_wnd":	2870528,
					"rtt":	1455,
					"rttvar":	17,
					"pmtu":	9001,
					"reorder":	0,
					"omitted":	false,
					"sender":	true
				}],
			"sum":	{
				"start":	5.00102,
				"end":	6.001021,
				"seconds":	1.0000009536743164,
				"bytes":	620756992,
				"bits_per_second":	4966051200.0045166,
				"retransmits":	0,
				"omitted":	false,
				"sender":	true
			}
		}, {
			"streams":	[{
					"socket":	5,
					"start":	6.001021,
					"end":	7.00102,
					"seconds":	0.99999898672103882,
					"bytes":	621019136,
					"bits_per_second":	4968158122.1301,
					"retransmits":	0,
					"snd_cwnd":	1073880,
					"snd_wnd":	2870528,
					"rtt":	1447,
					"rttvar":	23,
					"pmtu":	9001,
					"reorder":	0,
					"omitted":	false,
					"sender":	true
				}],
			"sum":	{
				"start":	6.001021,
				"end":	7.00102,
				"seconds":	0.99999898672103882,
				"bytes":	621019136,
				"bits_per_second":	4968158122.1301,
				"retransmits":	0,
				"omitted":	false,
				"sender":	true
			}
		}, {
			"streams":	[{
					"socket":	5,
					"start":	7.00102,
					"end":	8.001019,
					"seconds":	0.99999898672103882,
					"bytes":	619446272,
					"bits_per_second":	4955575197.3800879,
					"retransmits":	0,
					"snd_cwnd":	1073880,
					"snd_wnd":	2870528,
					"rtt":	1468,
					"rttvar":	26,
					"pmtu":	9001,
					"reorder":	0,
					"omitted":	false,
					"sender":	true
				}],
			"sum":	{
				"start":	7.00102,
				"end":	8.001019,
				"seconds":	0.99999898672103882,
				"bytes":	619446272,
				"bits_per_second":	4955575197.3800879,
				"retransmits":	0,
				"omitted":	false,
				"sender":	true
			}
		}, {
			"streams":	[{
					"socket":	5,
					"start":	8.001019,
					"end":	9.001018,
					"seconds":	0.99999898672103882,
					"bytes":	620363776,
					"bits_per_second":	4962915236.8175955,
					"retransmits":	0,
					"snd_cwnd":	1073880,
					"snd_wnd":	2870528,
					"rtt":	1465,
					"rttvar":	24,
					"pmtu":	9001,
					"reorder":	0,
					"omitted":	false,
					"sender":	true
				}],
			"sum":	{
				"start":	8.001019,
				"end":	9.001018,
				"seconds":	0.99999898672103882,
				"bytes":	620363776,
				"bits_per_second":	4962915236.8175955,
				"retransmits":	0,
				"omitted":	false,
				"sender":	true
			}
		}, {
			"streams":	[{
					"socket":	5,
					"start":	9.001018,
					"end":	10.002576,
					"seconds":	1.0015579462051392,
					"bytes":	621019136,
					"bits_per_second":	4960425012.6756248,
					"retransmits":	0,
					"snd_cwnd":	1592922,
					"snd_wnd":	2870528,
					"rtt":	1757,
					"rttvar":	31,
					"pmtu":	9001,
					"reorder":	0,
					"omitted":	false,
					"sender":	true
				}],
			"sum":	{
				"start":	9.001018,
				"end":	10.002576,
				"seconds":	1.0015579462051392,
				"bytes":	621019136,
				"bits_per_second":	4960425012.6756248,
				"retransmits":	0,
				"omitted":	false,
				"sender":	true
			}
		}],
	"end":	{
		"streams":	[{
				"sender":	{
					"socket":	5,
					"start":	0,
					"end":	10.002576,
					"seconds":	10.002576,
					"bytes":	6209798144,
					"bits_per_second":	4966559129.568224,
					"retransmits":	0,
					"reorder":	0,
					"max_snd_cwnd":	1592922,
					"max_snd_wnd":	2870528,
					"max_rtt":	1757,
					"min_rtt":	1447,
					"mean_rtt":	1493,
					"sender":	true
				},
				"receiver":	{
					"socket":	5,
					"start":	0,
					"end":	10.013827,
					"seconds":	10.002576,
					"bytes":	6207832064,
					"bits_per_second":	4959408277.3748741,
					"sender":	true
				}
			}],
		"sum_sent":	{
			"start":	0,
			"end":	10.002576,
			"seconds":	10.002576,
			"bytes":	6209798144,
			"bits_per_second":	4966559129.568224,
			"retransmits":	0,
			"sender":	true
		},
		"sum_received":	{
			"start":	0,
			"end":	10.013827,
			"seconds":	10.013827,
			"bytes":	6207832064,