{
	"start":	{
		"connected":	[{
				"socket":	5,
				"local_host":	"10.0.1.244",
				"local_port":	54798,
				"remote_host":	"10.0.1.202",
				"remote_port":	5201
			}],
		"version":	"iperf 3.19.1",
		"system_info":	"Linux ip-10-0-1-244.ec2.internal 6.1.159-182.297.amzn2023.x86_64 #1 SMP PREEMPT_DYNAMIC Mon Jan 12 11:34:58 UTC 2026 x86_64",
		"timestamp":	{
			"time":	"Tue, 03 Feb 2026 19:52:01 GMT",
			"timesecs":	1770148321
		},
		"connecting_to":	{
			"host":	"10.0.1.202",
			"port":	5201
		},
		"cookie":	"2646vhw3vaeepihhdkubbp73b6niam5odfgn",
		"tcp_mss_default":	8949,
		"target_bitrate":	0,
		"fq_rate":	0,
		"sock_bufsize":	0,
		"sndbuf_actual":	20480,
		"rcvbuf_actual":	131072,
		"test_start":	{
			"protocol":	"TCP",
			"num_streams":	1,
			"blksize":	131072,
			"omit":	0,
			"duration":	10,
			"bytes":	0,
			"blocks":	0,
			"reverse":	0,
			"tos":	0,
			"target_bitrate":	0,
			"bidir":	0,
			"fqrate":	0,
			"interval":	1
		}
	},
	"intervals":	[{
			"streams":	[{
					"socket":	5,
					"start":	0,
					"end":	1.001037,
					"seconds":	1.0010370016098022,
					"bytes":	624951296,
					"bits_per_second":	4994431134.87309,
					"retransmits":	0,
					"snd_cwnd":	1100727,
					"snd_wnd":	2636928,
					"rtt":	1518,
					"rttvar":	29,
					"pmtu":	9001,
					"reorder":	0,
					"omitted":	false,
					"sender":	true
				}],
			"sum":	{
				"start":	0,
				"end":	1.001037,
				"seconds":	1.0010370016098022,
				"bytes":	624951296,
				"bits_per_second":	4994431134.87309,
				"retransmits":	0,
				"omitted":	false,
				"sender":	true
			}
		}, {
			"streams":	[{
					"socket":	5,
					"start":	1.001037,
					"end":	2.001035,
					"seconds":	0.99999797344207764,
					"bytes":	620363776,
					"bits_per_second":	4962920265.6453819,
					"retransmits":	0,
					"snd_cwnd":	1100727,
					"snd_wnd":	2621312,
					"rtt":	1515,
					"rttvar":	25,
					"pmtu":	9001,
					"reorder":	0,
					"omitted":	false,
					"sender":	true
				}],
			"sum":	{
				"start":	1.001037,
				"end":	2.001035,
				"seconds":	0.99999797344207764,
				"bytes":	620363776,
				"bits_per_second":	4962920265.6453819,
				"retransmits":	0,
				"omitted":	false,
				"sender":	true
			}
		}, {
			"streams":	[{
					"socket":	5,
					"start":	2.001035,
					"end":	3.001035,
					"seconds":	1,
					"bytes":	620888064,
					"bits_per_second":	4967104512,
					"retransmits":	0,
					"snd_cwnd":	1100727,
					"snd_wnd":	2636928,
					"rtt":	1519,
					"rttvar":	29,
					"pmtu":	9001,
					"reorder":	0,
					"omitted":	false,
					"sender":	true
				}],
			"sum":	{
				"start":	2.001035,
				"end":	3.001035,
				"seconds":	1,
				"bytes":	620888064,
				"bits_per_second":	4967104512,
				"retransmits":	0,
				"omitted":	false,
				"sender":	true
			}
		}, {
			"streams":	[{
					"socket":	5,
					"start":	3.001035,
					"end":	4.001026,
					"seconds":	0.999990999698639,
					"bytes":	620494848,
					"bits_per_second":	4964003461.52711,
					"retransmits":	0,
					"snd_cwnd":	1100727,
					"snd_wnd":	2631808,
					"rtt":	1493,
					"rttvar":	25,
					"pmtu":	9001,
					"reorder":	0,
					"omitted":	false,
					"sender":	true
				}],
			"sum":	{
				"start":	3.001035,
				"end":	4.001026,
				"seconds":	0.999990999698639,
				"bytes":	620494848,
				"bits_per_second":	4964003461.52711,
				"retransmits":	0,
				"omitted":	false,
				"sender":	true
			}
		}, {
			"streams":	[{
					"socket":	5,
					"start":	4.001026,
					"end":	5.001032,
					"seconds":	1.0000059604644775,
					"bytes":	621150208,
					"bits_per_second":	4969172045.42654,
					"retransmits":	0,
					"snd_cwnd":	1100727,
					"snd_wnd":	2626560,
					"rtt":	1526,
					"rttvar":	25,
					"pmtu":	9001,
					"reorder":	0,
					"omitted":	false,
					"sender":	true
				}],
			"sum":	{
				"start":	4.001026,
				"end":	5.001032,
				"seconds":	1.0000059604644775,
				"bytes":	621150208,
				"bits_per_second":	4969172045.42654,
				"retransmits":	0,
				"omitted":	false,
				"sender":	true
			}
		}, {
			"streams":	[{
					"socket":	5,
					"start":	5.001032,
					"end":	6.001028,
					"seconds":	0.9999960064888,
					"bytes":	619446272,
					"bits_per_second":	4955589966.2040319,
					"retransmits":	0,
					"snd_cwnd":	1100727,
					"snd_wnd":	2636928,
					"rtt":	1502,
					"rttvar":	17,
					"pmtu":	9001,
					"reorder":	0,
					"omitted":	false,
					"sender":	true
				}],
			"sum":	{
				"start":	5.001032,
				"end":	6.001028,
				"seconds":	0.9999960064888,
				"bytes":	619446272,
				"bits_per_second":	4955589966.2040319,
				"retransmits":	0,
				"omitted":	false,
				"sender":	true
			}
		}, {
			"streams":	[{
					"socket":	5,
					"start":	6.001028,
					"end":	7.001028,
					"seconds":	1,
					"bytes":	621150208,
					"bits_per_second":	4969201664,
					"retransmits":	0,
					"snd_cwnd":	1154421,
					"snd_wnd":	2626560,
					"rtt":	1568,
					"rttvar":	26,
					"pmtu":	9001,
					"reorder":	0,
					"omitted":	false,
					"sender":	true
				}],
			"sum":	{
				"start":	6.001028,
				"end":	7.001028,
				"seconds":	1,
				"bytes":	621150208,
				"bits_per_second":	4969201664,
				"retransmits":	0,
				"omitted":	false,
				"sender":	true
			}
		}, {
			"streams":	[{
					"socket":	5,
					"start":	7.001028,
					"end":	8.001042,
					"seconds":	1.0000139474868774,
					"bytes":	620494848,
					"bits_per_second":	4963889550.2156372,
					"retransmits":	0,
					"snd_cwnd":	1154421,
					"snd_wnd":	2636928,
					"rtt":	1543,
					"rttvar":	17,
					"pmtu":	9001,
					"reorder":	0,
					"omitted":	false,
					"sender":	true
				}],
			"sum":	{
				"start":	7.001028,
				"end":	8.001042,
				"seconds":	1.0000139474868774,
				"bytes":	620494848,
				"bits_per_second":	4963889550.2156372,
				"retransmits":	0,
				"omitted":	false,
				"sender":	true
			}
		}, {
			"streams":	[{
					"socket":	5,
					"start":	8.001042,
					"end":	9.001029,
					"seconds":	0.999987006187439,
					"bytes":	621150208,
					"bits_per_second":	4969266233.7140064,
					"retransmits":	0,
					"snd_cwnd":	1154421,
					"snd_wnd":	2636928,
					"rtt":	1560,
					"rttvar":	23,
					"pmtu":	9001,
					"reorder":	0,
					"omitted":	false,
					"sender":	true
				}],
			"sum":	{
				"start":	8.001042,
				"end":	9.001029,
				"seconds":	0.999987006187439,
				"bytes":	621150208,
				"bits_per_second":	4969266233.7140064,
				"retransmits":	0,
				"omitted":	false,
				"sender":	true
			}
		}, {
			"streams":	[{
					"socket":	5,
					"start":	9.001029,
					"end":	10.00152,
					"seconds":	1.00049102306366,
					"bytes":	620101632,
					"bits_per_second":	4958378377.85812,
					"retransmits":	0,
					"snd_cwnd":	1154421,
					"snd_wnd":	2626560,
					"rtt":	1537,
					"rttvar":	23,
					"pmtu":	9001,
					"reorder":	0,
					"omitted":	false,
					"sender":	true
				}],
			"sum":	{
				"start":	9.001029,
				"end":	10.00152,
				"seconds":	1.00049102306366,
				"bytes":	620101632,
				"bits_per_second":	4958378377.85812,
				"retransmits":	0,
				"omitted":	false,
				"sender":	true
			}
		}],
	"end":	{
		"streams":	[{
				"sender":	{
					"socket":	5,
					"start":	0,
					"end":	10.00152,
					"seconds":	10.00152,
					"bytes":	6210191360,
					"bits_per_second":	4967398043.49739,
					"retransmits":	0,
					"reorder":	0,
					"max_snd_cwnd":	1154421,
					"max_snd_wnd":	2636928,
					"max_rtt":	1568,
					"min_rtt":	1493,
					"mean_rtt":	1528,
					"sender":	true
				},
				"receiver":	{
					"socket":	5,
					"start":	0,
					"end":	10.001782,
					"seconds":	10.00152,
					"bytes":	6207176704,
					"bits_per_second":	4964856625.74929,
					"sender":	true
				}
			}],
		"sum_sent":	{
			"start":	0,
			"end":	10.00152,
			"seconds":	10.00152,
			"bytes":	6210191360,
			"bits_per_second":	4967398043.49739,
			"retransmits":	0,
			"sender":	true
		},
		"sum_received":	{
			"start":	0,
			"end":	10.001782,
			"seconds":	10.001782,
			"bytes":	6207176704,
			"bits_per_second":	4964856625.74929,
			"sender":	true
		},