{
	"start":	{
		"connected":	[{
				"socket":	5,
				"local_host":	"10.0.1.244",
				"local_port":	49228,
				"remote_host":	"10.0.1.202",
				"remote_port":	5201
			}],
		"version":	"iperf 3.19.1",
		"system_info":	"Linux ip-10-0-1-244.ec2.internal 6.1.159-182.297.amzn2023.x86_64 #1 SMP PREEMPT_DYNAMIC Mon Jan 12 11:34:58 UTC 2026 x86_64",
		"timestamp":	{
			"time":	"Tue, 03 Feb 2026 19:52:11 GMT",
			"timesecs":	1770148331
		},
		"connecting_to":	{
			"host":	"10.0.1.202",
			"port":	5201
		},
		"cookie":	"6dg3oymii6drsi2ddqzjdxculsqum6u6b34f",
		"tcp_mss_default":	8949,
		"target_bitrate":	0,
		"fq_rate":	0,
		"sock_bufsize":	0,
		"sndbuf_actual":	20480,
		"rcvbuf_actual":	131072,
		"test_start":	{
			"protocol":	"TCP",
			"num_streams":	1,
			"blksize":	131072,
			"omit":	0,
			"duration":	10,
			"bytes":	0,
			"blocks":	0,
			"reverse":	0,
			"tos":	0,
			"target_bitrate":	0,
			"bidir":	0,
			"fqrate":	0,
			"interval":	1
		}
	},
	"intervals":	[{
			"streams":	[{
					"socket":	5,
					"start":	0,
					"end":	1.001024,
					"seconds":	1.0010240077972412,
					"bytes":	624689152,
					"bits_per_second":	4992400958.49155,
					"retransmits":	0,
					"snd_cwnd":	1029135,
					"snd_wnd":	3140608,
					"rtt":	1440,
					"rttvar":	23,
					"pmtu":	9001,
					"reorder":	0,
					"omitted":	false,
					"sender":	true
				}],
			"sum":	{
				"start":	0,
				"end":	1.001024,
				"seconds":	1.0010240077972412,
				"bytes":	624689152,
				"bits_per_second":	4992400958.49155,
				"retransmits":	0,
				"omitted":	false,
				"sender":	true
			}
		}, {
			"streams":	[{
					"socket":	5,
					"start":	1.001024,
					"end":	2.001022,
					"seconds":	0.99999797344207764,
					"bytes":	620232704,
					"bits_per_second":	4961871687.5203781,
					"retransmits":	0,
					"snd_cwnd":	1082829,
					"snd_wnd":	3140608,
					"rtt":	1487,
					"rttvar":	22,
					"pmtu":	9001,
					"reorder":	0,
					"omitted":	false,
					"sender":	true
				}],
			"sum":	{
				"start":	1.001024,
				"end":	2.001022,
				"seconds":	0.99999797344207764,
				"bytes":	620232704,
				"bits_per_second":	4961871687.5203781,
				"retransmits":	0,
				"omitted":	false,
				"sender":	true
			}
		}, {
			"streams":	[{
					"socket":	5,
					"start":	2.001022,
					"end":	3.001021,
					"seconds":	0.99999898672103882,
					"bytes":	620625920,
					"bits_per_second":	4965012390.9425974,
					"retransmits":	0,
					"snd_cwnd":	1082829,
					"snd_wnd":	3140608,
					"rtt":	1488,
					"rttvar":	19,
					"pmtu":	9001,
					"reorder":	0,
					"omitted":	false,
					"sender":	true
				}],
			"sum":	{
				"start":	2.001022,
				"end":	3.001021,
				"seconds":	0.99999898672103882,
				"bytes":	620625920,
				"bits_per_second":	4965012390.9425974,
				"retransmits":	0,
				"omitted":	false,
				"sender":	true
			}
		}, {
			"streams":	[{
					"socket":	5,
					"start":	3.001021,
					"end":	4.000125,
					"seconds":	0.99910402297973633,
					"bytes":	621150208,
					"bits_per_second":	4973657947.2273674,
					"retransmits":	0,
					"snd_cwnd":	1082829,
					"snd_wnd":	3140608,
					"rtt":	1478,
					"rttvar":	26,
					"pmtu":	9001,
					"reorder":	0,
					"omitted":	false,
					"sender":	true
				}],
			"sum":	{
				"start":	3.001021,
				"end":	4.000125,
				"seconds":	0.99910402297973633,
				"bytes":	621150208,
				"bits_per_second":	4973657947.2273674,
				"retransmits":	0,
				"omitted":	false,
				"sender":	true
			}
		}, {
			"streams":	[{
					"socket":	5,
					"start":	4.000125,
					"end":	5.001021,
					"seconds":	1.0008959770202637,
					"bytes":	619970560,
					"bits_per_second":	4955324623.0098362,
					"retransmits":	0,
					"snd_cwnd":	1082829,
					"snd_wnd":	3135360,
					"rtt":	1485,
					"rttvar":	22,
					"pmtu":	9001,
					"reorder":	0,
					"omitted":	false,
					"sender":	true
				}],
			"sum":	{
				"start":	4.000125,
				"end":	5.001021,
				"seconds":	1.0008959770202637,
				"bytes":	619970560,
				"bits_per_second":	4955324623.0098362,
				"retransmits":	0,
				"omitted":	false,
				"sender":	true
			}
		}, {
			"streams":	[{
					"socket":	5,
					"start":	5.001021,
					"end":	6.001017,
					"seconds":	0.9999960064888,
					"bytes":	621543424,
					"bits_per_second":	4972367249.2043,
					"retransmits":	0,
					"snd_cwnd":	1440789,
					"snd_wnd":	3125248,
					"rtt":	1695,
					"rttvar":	28,
					"pmtu":	9001,
					"reorder":	0,
					"omitted":	false,
					"sender":	true
				}],
			"sum":	{
				"start":	5.001021,
				"end":	6.001017,
				"seconds":	0.9999960064888,
				"bytes":	621543424,
				"bits_per_second":	4972367249.2043,
				"retransmits":	0,
				"omitted":	false,
				"sender":	true
			}
		}, {
			"streams":	[{
					"socket":	5,
					"start":	6.001017,
					"end":	7.001018,
					"seconds":	1.0000009536743164,
					"bytes":	619708416,
					"bits_per_second":	4957662600.00451,
					"retransmits":	0,
					"snd_cwnd":	1440789,
					"snd_wnd":	3140608,
					"rtt":	1694,
					"rttvar":	28,
					"pmtu":	9001,
					"reorder":	0,
					"omitted":	false,
					"sender":	true
				}],
			"sum":	{
				"start":	6.001017,
				"end":	7.001018,
				"seconds":	1.0000009536743164,
				"bytes":	619708416,
				"bits_per_second":	4957662600.00451,
				"retransmits":	0,
				"omitted":	false,
				"sender":	true
			}
		}, {
			"streams":	[{
					"socket":	5,
					"start":	7.001018,
					"end":	8.001016,
					"seconds":	0.99999797344207764,
					"bytes":	621019136,
					"bits_per_second":	4968163156.2704039,
					"retransmits":	0,
					"snd_cwnd":	1440789,
					"snd_wnd":	3130240,
					"rtt":	1701,
					"rttvar":	29,
					"pmtu":	9001,
					"reorder":	0,
					"omitted":	false,
					"sender":	true
				}],
			"sum":	{
				"start":	7.001018,
				"end":	8.001016,
				"seconds":	0.99999797344207764,
				"bytes":	621019136,
				"bits_per_second":	4968163156.2704039,
				"retransmits":	0,
				"omitted":	false,
				"sender":	true
			}
		}, {
			"streams":	[{
					"socket":	5,
					"start":	8.001016,
					"end":	9.001017,
					"seconds":	1.0000009536743164,
					"bytes":	620101632,
					"bits_per_second":	4960808325.0045118,
					"retransmits":	0,
					"snd_cwnd":	1440789,
					"snd_wnd":	3140608,
					"rtt":	1691,
					"rttvar":	24,
					"pmtu":	9001,
					"reorder":	0,
					"omitted":	false,
					"sender":	true
				}],
			"sum":	{
				"start":	8.001016,
				"end":	9.001017,
				"seconds":	1.0000009536743164,
				"bytes":	620101632,
				"bits_per_second":	4960808325.0045118,
				"retransmits":	0,
				"omitted":	false,
				"sender":	true
			}
		}, {
			"streams":	[{
					"socket":	5,
					"start":	9.001017,
					"end":	10.001285,
					"seconds":	1.00026798248291,
					"bytes":	621150208,
					"bits_per_second":	4967870361.7656784,
					"retransmits":	0,
					"snd_cwnd":	1440789,
					"snd_wnd":	3140608,
					"rtt":	1692,
					"rttvar":	31,
					"pmtu":	9001,
					"reorder":	0,
					"omitted":	false,
					"sender":	true
				}],
			"sum":	{
				"start":	9.001017,
				"end":	10.001285,
				"seconds":	1.00026798248291,
				"bytes":	621150208,
				"bits_per_second":	4967870361.7656784,
				"retransmits":	0,
				"omitted":	false,
				"sender":	true
			}
		}],
	"end":	{
		"streams":	[{
				"sender":	{
					"socket":	5,
					"start":	0,
					"end":	10.001285,
					"seconds":	10.001285,
					"bytes":	6210191360,
					"bits_per_second":	4967514762.3530378,
					"retransmits":	0,
					"reorder":	0,
					"max_snd_cwnd":	1440789,
					"max_snd_wnd":	3140608,
					"max_rtt":	1701,
					"min_rtt":	1440,
					"mean_rtt":	1585,
					"sender":	true
				},
				"receiver":	{
					"socket":	5,
					"start":	0,
					"end":	10.001552,
					"seconds":	10.001285,
					"bytes":	6207176704,
					"bits_per_second":	4964970799.73188,
					"sender":	true
				}
			}],
		"sum_sent":	{
			"start":	0,
			"end":	10.001285,
			"seconds":	10.001285,
			"bytes":	6210191360,
			"bits_per_second":	4967514762.3530378,
			"retransmits":	0,
			"sender":	true
		},
		"sum_received":	{
			"start":	0,
			"end":	10.001552,
			"seconds":	10.001552,